Segment,Customer_Count,Average_Recency,Average_Frequency,Average_Monetary
Champions,1319,17.094768764215313,9.37680060652009,4932.94919711903
Regular Customers,1058,73.7296786389414,1.6039697542533082,308.0584234404537
Lost Customers,903,254.87264673311185,1.2081949058693244,482.72636877076417
At Risk,448,106.06919642857143,4.685267857142857,2136.9506473214287
Loyal Customers,442,23.183257918552037,2.323529411764706,1066.649705882353
Big Spenders,168,77.10119047619048,1.4880952380952381,1275.1495833333333
